date,slot,submission,champion,probe_spec,macro,S2,D2,S3,D3,champion_flag,git_sha,note
2026-08-22,1,baseline.submission.csv,,"(cat,unit) medians on the STALE fixture",0.364,0.337,0.311,0.410,0.396,0,90ea072,first ever scored submission; zero vision
2026-08-22,2,baseline-shrink90.submission.csv,,built but never submitted,,,,,,0,90ea072,unused
2026-08-22,3,baseline-v2.submission.csv,baseline.submission.csv,unit-only grouping + clean fixture,0.359,0.309,0.308,0.428,0.392,0,90ea072,"REFUTED: LOO said +0.007, test said -0.005"
2026-08-23,1,baseline-v3.submission.csv,baseline.submission.csv,"(cat,unit) medians + clean fixture: D2|meters 1.71->1.25",0.365,0.337,0.315,0.410,0.396,0,90ea072,CHAMPION. Differs from v1 only on D2|meters (829 rows). S2/S3/D3 identical to v1 => determinism proven free
2026-08-23,2,probe-d1a.submission.csv,baseline-v3.submission.csv,x0.5 on S2|meters D2|meters S3|cm D3|meters,,,,,,0,-,"SUPERSEDED -- built 2026-08-23 09:50, never submitted. Slots 2 and 3 went to solver-v1 and mix-v1 instead. Built against baseline-v3, which stopped being champion the same day, so 3 of its 4 channels would probe a source we no longer ship. Retired 2026-08-24; rebuild probes against the current champion."
2026-08-23,3,probe-d1b.submission.csv,baseline-v3.submission.csv,x2.0 on S2|meters D2|meters S3|cm D3|meters,,,,,,0,-,"SUPERSEDED -- built 2026-08-23 09:50, never submitted. Slots 2 and 3 went to solver-v1 and mix-v1 instead. Built against baseline-v3, which stopped being champion the same day, so 3 of its 4 channels would probe a source we no longer ship. Retired 2026-08-24; rebuild probes against the current champion."
2026-08-23,2,solver-v1.submission.csv,baseline-v3.submission.csv,geometric solver + prior_pixels gate + local kinematics; 1338/3289 solved (40.7%),0.345,0.353,0.368,0.441,0.220,0,913cfb5,"KEY READING: solver beat the constant in 3 of 4 categories (S2 +.016 D2 +.053 S3 +.031) and collapsed on D3 (-.176). D3 was the category the disagreement check flagged worst (median ratio 3.44, 65% >1.9x)"
2026-08-23,3,mix-v1.submission.csv,solver-v1.submission.csv,"per-category selection: solver on S2/D2/S3, constant on D3",0.389,0.353,0.368,0.441,0.396,1,e17c436,"CHAMPION. Predicted 0.3895 from the two parents, measured 0.389, and ALL FOUR categories matched to the digit. Categories are scored independently: composing measured sources is exact, so a composition never needs a confirming slot again."
2026-08-24,1,mix-v2.submission.csv,mix-v1.submission.csv,"per-ROW selection: solver-v1 on the 1338 rows with method != none, baseline-v3 constant on the other 1951 (S2 247/581, D2 330/1160, S3 441/576, D3 320/972)",,,,,,0,PENDING,"Isolates the solver's worth on rows where it actually fired. mix-v1 fills declined rows from make_submission's fallback, which is the median of the predictions file's OWN solved values -- D2|meters 2.7439 where the validation-derived constant is 1.2500. 4 independent channels; each category is revertible offline for free."
